NEXTA Live,21718,–†–æ—Å–∫–æ–º–ø–æ–∑–æ—Ä –∑–∞–±–ª–æ–∫–∏—Ä–æ–≤–∞–ª —Å–∞–π—Ç –∏–∑–¥–∞–Ω–∏—è TJ –∑–∞ –æ—Å–≤–µ—â–µ–Ω–∏–µ –≤–æ–π–Ω—ã –≤ –£–∫—Ä–∞–∏–Ω–µ.,121311,171,68,"/–ï—â—ë –°–µ–≤–µ—Ä–Ω–∞—è –ö–æ—Ä–µ—è./–ü—Ä–æ—â–µ –æ–±–Ω–µ—Å—Ç–∏ —Ä–∞—Å–µ—é —Å—Ç–µ–Ω–æ–π, —Å –ø—É–ª–µ–º—ë—Ç–∞–º–∏ –Ω–∞ –≤–µ—Ä—Ö—É, –∏ –ª–µ—Ç —á–µ—Ä–µ–∑ 50 –æ—Ü–µ–Ω–∏—Ç—å –ø—Ä–æ–≥—Ä–µ—Å—Å —ç–≤–æ–ª—é—Ü–∏–∏))/–ß—Ç–æ–±—ã –≤–æ—Ä–æ–≤–∞—Ç—å –∏ –≥—Ä–∞–±–∏—Ç—å –Ω—É–∂–Ω–æ –±–æ—Ä–æ—Ç—å—Å—è —Å –∫—Ä–∏—Ç–∏–∫–æ–π –∏ –ø—Ä–∞–≤–¥–æ–π –ª—é–±—ã–º–∏ –º–µ—Ç–æ–¥–∞–º–∏//–°—Ä–æ—á–Ω–æ –ø–æ–¥–∫–ª—é—á–∞—é –≤—Å–µ –∑–∞–±–ª–æ–∫–∏—Ä–æ–≤–∞–Ω–Ω—ã–µ –∏–º —Å–∞–π—Ç—ã. –†–∞–Ω—å—à–µ –∏ –Ω–µ —Å–ª—ã—à–∞–ª, —Ö–æ—Ä–æ—à–æ —Ä–µ–∫–ª–∞–º–∏—Ä—É—é—Ç!/–°–ø–µ—Ü–æ–ø–µ—Ä–∞—Ü–∏—è –ø–æ –¥–µ–Ω–∞—Ü–∏—Ñ–∏–∫–∞—Ü–∏–∏ –∏ –¥–µ–ø—É—Ç–∏–Ω–∏–∑–∞—Ü–∏–∏ —Ä:–∞—Å—Å–∏–∏/—Ç—ã –º–µ—Ç–æ–¥–∏—á–∫—É –∑–∞–±—ã–ª –æ–±–Ω–æ–≤–∏—Ç—å, –±–æ—Ç) –≤—Ä–µ–º—è –ø–∞–¥–µ–Ω–∏—è –≥–æ—Ä–∞–∑–¥–æ —Ä–∞–Ω—å—à–µ. –¥–∞ –∏ –±—ã–ª–∞ –Ω–æ–≤–æ—Å—Ç—åü§£//—Ç–æ–ª—å–∫–æ –ø—Ä–∏ –∞–≤—Ç–æ—Ä–∏—Ç–∞—Ä–Ω–æ–º —Ä–µ–∂–∏–º–µ/–ù–∞–¥–æ –±—ã–ª–æ –ø—Ä–æ—Å—Ç–æ –≤ –∑–∞–≥–æ–ª–æ–≤–∫–∞—Ö –∫–æ –≤—Å–µ–º –º–∞—Ç–µ—Ä–∏–∞–ª–∞–º –Ω–∞ —Å–∞–π—Ç–µ –ø–∏—Å–∞—Ç—å ¬´–Ω–µ–¥–æ—Å—Ç–æ–≤–µ—Ä–Ω–∞—è –∏–Ω—Ñ–æ—Ä–º–∞—Ü–∏—è¬ª - –≤—Å–µ –≤—Å–µ –ø–æ–Ω–∏–º–∞—é—Ç/////–†–æ—Å–∫–æ–º–ü–û–ó–û–†üòÇ  –ü–æ–∑–æ—Ä–Ω—ã–π –ø—Ä–µ–∑–∏–∫ –ø—É—Ç–ª–µ—Ä, –ø–æ–∑–æ—Ä–Ω—ã–π –∑–∞—à—É–≥–∞–Ω–Ω—ã–π –Ω–∞—Ä–æ–¥ –∏ –ø–æ–∑–æ—Ä–Ω—ã–µ z–æ–º–±–∏—Ñ–∞—à–∏–∫–∏, –ª–µ–∑—É—â–∏–µ –∫ –Ω–∞–º –∏ –¥–æ—Ö–Ω—É—â–∏–µ –ù–ê –£–∫—Ä–∞–∏–Ω–µ ...)))
–°–õ–ê–í–ê –£–ö–†–ê–ò–ù–ï! –°–õ–ê–í–ê –í–°–£!!!/–°–ª—É—à–∞—é –º–Ω–æ–≥–æ—á–∏—Å–ª–µ–Ω–Ω—ã–µ –∞—É–¥–∏–æ–ø–µ—Ä–µ—Ö–≤–∞—Ç—ã —Ä–∞–∑–≥–æ–≤–æ—Ä–æ–≤ –æ–∫–∫—É–ø–∞–Ω—Ç–æ–≤.

–°–æ–≤–µ—Ä—à–µ–Ω–Ω–æ –Ω–µ —É–¥–∏–≤–ª—è—é—Ç –∏—Ö –∂–µ—Å—Ç–æ–∫–æ—Å—Ç—å, –º–∞—Ä–æ–¥—ë—Ä—Å—Ç–≤–æ, —É–º—Å—Ç–≤–µ–Ω–Ω–∞—è –æ—Ç—Å—Ç–∞–ª–æ—Å—Ç—å, –º–æ—Ä–∞–ª—å–Ω–æ–µ —Ä–∞–∑–ª–æ–∂–µ–Ω–∏–µ.

‚Ä¶

–ü–æ–Ω—è—Ç–Ω–æ, —á—Ç–æ –≤ ¬´–ª—É—á—à—É—é –∞—Ä–º–∏—é –º–∏—Ä–∞¬ª —Ä–µ–∫—Ä—É—Ç–∏—Ä—É—é—Ç—Å—è –≥–µ–Ω–µ—Ç–∏—á–µ—Å–∫–∏–µ —É—Ä–æ–¥—ã, –¥–µ—Ç–∏ –∞–ª–∫–∞—à–µ–π –∏ –≤–µ—Å—å –Ω–∏—â–∏–π –Ω–µ–±–ª–∞–≥–æ–ø–æ–ª—É—á–Ω—ã–π —Å–±—Ä–æ–¥, —Ä–∞—Å–∫–∏–¥–∞–Ω–Ω—ã–π –ø–æ 1/6 —á–∞—Å—Ç–∏ —Å—É—à–∏.

‚Ä¶

–£–¥–∏–≤–ª—è—é—Ç –Ω–µ –æ–Ω–∏.

–ê —Ç–æ, –æ —á—ë–º –≥–æ–≤–æ—Ä—è—Ç –∏—Ö
–∂–µ–Ω—â–∏–Ω—ã.

–ò—Ö –º–∞—Ç–µ—Ä–∏ –∏ –∂–µ–Ω—ã.

–≠—Ç–æ - –Ω–µ –∂–µ–Ω—â–∏–Ω—ã.

–≠—Ç–æ - –ø—Ä–æ—Å—Ç–æ —Å–∞–º–∫–∏.

–î–∞–∂–µ –Ω–µ —á–µ–ª–æ–≤–µ–∫–æ–æ–±—Ä–∞–∑–Ω—ã—Ö –ø—Ä–∏–º–∞—Ç–æ–≤./–ø—Ä–∞–≤–¥–∞ –æ—á—ñ —Ä—ñ–∂–µ, —Å–≤–æ–ª–æ—Ç–∏?/–í—Ä—è–¥ –ª–∏ –±—É–¥–µ—Ç —Ö—É–∂–µ, —á–µ–º –≤ —Å–µ–≤–µ—Ä–Ω–æ–π –ö–æ—Ä–µ–µ, –Ω–æ —Å—Ç–∞—Ç—å —Ö—É–∂–µ, —á–µ–º –≤ –°–°–°–†, –≤–ø–æ–ª–Ω–µ –º–æ–∂–µ—Ç/–Ω—É –Ω–∏—á–µ, —Ç–µ–ª–µ–≥—Ä–∞–º–º –∑–∞–±–ª–æ–∫–∏—Ä–æ–≤–∞—Ç—å –Ω–µ –≤—ã–π–¥–µ—Ç/–µ–±–∞–Ω—ã–π –ø–∏–∑–¥–µ—Ü, —Ç–∞–º —Å—Ç–æ–ª—å–∫–æ –ø–æ–ª–µ–∑–Ω–æ–π –∏–Ω—Ñ—ã –±—ã–ª–æ –Ω–∞—á–∏–Ω–∞—è –æ—Ç –Ω–∞–ª–æ–≥–æ–≤, –∑–∞–∫–∞–Ω—á–∏–≤–∞—è –ø–µ—Ä–µ–µ–∑–¥–æ–º. –°—É–∫–∞, –Ω–µ—Ç —Å–ª–æ–≤//–í–æ—Ç –¥–µ–±–∏–ª—ã, –°–∫–æ–ª—å–∫–æ –±–ª–∏–Ω –º–æ–∂–Ω–æ —É–∂–µ –ª–∞–ø—à—É –Ω–∞ —É—à–∏ –≤–µ—à–∞—Ç—å? –ù–µ –Ω–∞–º, –Ω–µ –º–∏—Ä—É‚Ä¶ –ú—ã –∏ —Ç–∞–∫ –≤—Å–µ –≤–∏–¥–∏–º –∏ –∑–Ω–∞–µ–º. –û–Ω–∏ —Å–µ–±—è —Å–∞–º–∏ —É–±–µ–∂–¥–∞—é—Ç —á—Ç–æ –æ–Ω–∏ –Ω–µ –∫–æ–∑–ª—ã ü•¥/–ü—Ä–∞–≤–¥—É –Ω–µ —Å–∫—Ä–æ–µ—à—å/–ë–ª–æ–∫–∏—Ä—É–π –Ω–µ –±–ª–æ–∫–∏—Ä—É–π, –≤—Å—è —Ä—É—Å–Ω—è –ø—Ä–µ–∫—Ä–∞—Å–Ω–æ –∑–Ω–∞–µ—Ç –∏ –≤–ª–∞–¥–µ–µ—Ç –≤—Å–µ–π –∏–Ω—Ñ–æ—Ä–º–∞—Ü–∏–µ–π, –æ–Ω–∏ –Ω–µ —Ç–æ–ª—å–∫–æ —Å–∏–¥—è—Ç –Ω–∞ —Ä—É—Å—Å–∫–∏—Ö —Å–∞–π—Ç–∞—Ö, –æ–Ω–∏ —á–∏—Ç–∞—é—Ç –∏ –∑–∞—Ä—É–±–µ–∂–Ω—ã–µ —Ç–æ–∂–µ, –≥–¥–µ –∏–Ω—Ñ–æ—Ä–º–∞—Ü–∏—è –∫–∞—Ä–¥–∏–Ω–∞–ª—å–Ω–æ –æ—Ç–ª–∏—á–∞–µ—Ç—Å—è –∏ —Ñ–æ—Ç–æ –∏ –≤–∏–¥–µ–æ –≤—Å–µ –≤–∏–¥—è—Ç. 
–ß—Ç–æ –æ–Ω–∏ —á—Ç–æ –º—ã –≤–∏–¥–∏–º –æ–¥–Ω—É –∏ —Ç—É –∂–µ –∏–Ω—Ñ–æ—Ä–º–∞—Ü–∏—é. –ò–º–ø–µ—Ä—Å–∫–∏–µ –≤–∞—Ä–≤–∞—Ä—Å–∫–∏–µ –∞–º–±–∏—Ü–∏–∏ –∑–∞—Ö–≤–∞—Ç–∏—Ç—å –≤—Å—é –ï–≤—Ä–æ–ø—É, –Ω–µ –ø–æ —Ö–æ—Ä–æ—à–µ–º—É —Ç–∞–∫ –≤–æ–π–Ω–æ–π –∏ —Å–º–µ—Ä—Ç—è–º–∏, —ç—Ç–æ –∫–æ–Ω—á–µ–Ω—ã–µ –ª—é–¥–∏/–¢–∞–∫–∏–µ –±–ª–æ–∫–∏—Ä–æ–≤–∫–∏ –ø–æ–¥–æ–≥—Ä–µ–≤–∞—é—Ç –∏–Ω—Ç–µ—Ä–Ω–µ—Ç,–≥–ª—è–¥–∏—à—å –≤–∞—Ç–∞ –≤–ø–Ω —É—Å—Ç–∞–Ω–æ–≤–∏—Ç –Ω–∞—á–Ω–µ—Ç –∏–Ω—Ç–µ—Ä–µ—Å–æ–≤–∞—Ç—Å—è ./–Ø –Ñ–±—É –∑ –í–∞—Å  –î–∏–±—ñ–ª—ñ–≤!! –¶–µ –ù–µ–¥–µ—Ä–∂–∞–≤–∞ –∞ –°–ø–ª–æ—à–Ω–∏–π –Ü–∑–æ–ª—è—Ç–æ—Ä!!
–õ—é–¥–∏ –Ø–∫–∏ –í–∏ –ú–æ–∂–∏—Ç–µ —Å—Ç—ñ–ª—å–∫–∏ —Ç–µ—Ä–ø—ñ—Ç–∏?????–ó –í–∞—Å –î–∞–ª–±–∞–π–æ–±—ñ–≤  –†–æ–±–ª—è—Ç—å, –ê –í–∞–º –ø–æ—Ö—É–π!!
–¢–∞–∫ —ñ –ü–æ–¥–æ—Ö–Ω–∏—Ç–µ!!/–í—Å–µ–≥–¥–∞ –±—ã–ª–æ –∏–Ω—Ç–µ—Ä–µ—Å–Ω–æ –∫—Ç–æ —Ä–∞–±–æ—Ç–∞–µ—Ç –≤ –†–æ—Å–∫–æ–º–Ω–∞–¥–∑–æ—Ä–µ/–ö—Ä–∞—â–µ –Ω—ñ–∂ –≤–∞—à—ñ –º–µ—Ä—Ç–≤—ñ —Ç—É—à–∫–∏)//Could you guys please translate?//–ê –∏–Ω—Å—Ç–∞ —É –Ω–∞—Å —Ä–∞–±–æ—Ç–∞–µ—Ç –∏ –±–µ–∑ –≤–ø–Ω)ü•≤/–ê –≤–æ—Ç –æ–±–∏–¥–Ω–æ, –¥–∞/–ü–∏–¥–∞—Ä—ã –ª–∂–∏–≤—ã–µ —Ä–æ—Å–∫–æ–º–Ω–∞—Ä–∫–æ–º!!!//–∫–∞–∫ –ø–æ —Ä–æ–¥–¥–æ–º—É —Ö—É—è—Ä–∏—Ç—å - –º–æ–∂–Ω–æ, –∞ –∫–∞–∫ —Ä–∞—Å—Å–∫–∞–∑—ã–≤–∞—Ç—å –æ–± —ç—Ç–æ–º..../—Ä–∞–∏—Å—Å—è –∫–∞—Ç–∏—Ç—å—Å—è –≤ –æ—á–∫–æ... –Ω—É —Å–æ–±—Å–≤–µ–Ω–Ω–æ –µ–π —Ç–∞–º –∏ –º–µ—Å—Ç–æ/–°—Ç—Ä–∞–Ω–∞ —Ä–∞–±–æ–≤, —Å—Ç—Ä–∞–Ω–∞ –≥–æ—Å–ø–æ–¥/–ë–ª–∏–Ω, –∞ —è –¥—É–º–∞–ª, —á–æ –æ–Ω –Ω–µ –æ—Ç–∫—Ä—ã–≤–∞–µ—Ç—Å—è —Ç–æ/–£–µ–±–∫–∏ –∫—Ä–µ–º–ª–µ–≤—Å–∏–µ/–†–æ—Å—Å–∏—è –ø—Ä–æ—Ç–∏–≤ –ø—É—Ç–∏–Ω–∞//–ò—Ö –±–æ—Ä—å–±–∞/–¢—É—Ç —Ç–æ–∂–µ –æ–¥–Ω–æ–±–æ–∫–∞—è –ø–æ–¥–∞—á–∞ –∏–Ω—Ñ–æ—Ä–º–∞—Ü–∏–∏./1984 —Å–∫–æ—Ä–æ —Å—Ç–∞–Ω–µ—Ç —Ä–µ–∞–ª—å–Ω–æ—Å—Ç—å—é –†–∞—à–∏, –±—É–¥–µ—Ç –µ—â—ë —Ö—É–∂–µ —á–µ–º –≤ —Å–µ–≤–µ—Ä–Ω–æ–π –ö–æ—Ä–µ–µ/–¥–æ–ª–≥–æ –¥–µ—Ä–∂–∞–ª—Å—è/–ò–º–µ–Ω–Ω–æ —Ç–∞–∫ –º—ã —É–∑–Ω–∞—ë–º –æ –Ω–∞—Å—Ç–æ—è—â–∏—Ö –°–ú–ò. –ü–æ—à—ë–ª —Å–º–æ—Ç—Ä–µ—Ç—å, —á—Ç–æ —Ç–∞–º –∑–∞ TJ —Ç–∞–∫–æ–µ üòÑ///–ö–∞–∫ —Ä–∞–±–æ—Ç–∞—é—Ç –Ω–∞—à–∏ –≤–æ–∏–Ω—ã: –∫—Ä–∞—Ç–∫–∏–π —Ä–µ–ø–æ—Ä—Ç–∞–∂ —Å –º–µ—Å—Ç–∞ —Å–æ–±—ã—Ç–∏–π/—Ä–æ—Å–∏—è –±—É–¥–µ—Ç –≤—Å—è –∑–∞–±–ª–æ–∫–∏—Ä–æ–≤–∞–Ω–∞ –æ—Ç ""–∑–¥–æ—Ä–æ–≤–æ–≥–æ"" –º–∏—Ä–∞/–ß—Ç–æ? –†–æ—Å—Å–∏—è –ø–æ —Ç–∏—Ö–æ–Ω—å–∫—É –ø—Ä–µ–≤—Ä–∞—â–∞–µ—Ç—Å—è –≤ 1984 –î–∂–æ—Ä–¥–∂ –û—Ä—É—ç–ª–∞?/DTF —Å–ª–µ–¥—É—é—â–∏–π)//—Ç–∞ —á—Ç–æ –≤—ã. –≤ —ç—Ç–æ —Ç—è–∂–µ–ª–æ –ø–æ–≤–µ—Ä–∏—Ç—å!/–ü–æ–¥ –Ω–∏—Ö –ø—Ä–∏–¥—ë—Ç—Å—è —Å—Ç—Ä–æ–∏—Ç—å —Å–ø–µ—Ü–∏–∞–ª—å–Ω—É—é —Ç—é—Ä—å–º—É –æ–Ω–∏ –≤ –≥–∞–∞–≥—É –Ω–µ –≤–º–µ—Å—Ç—è—Ç—Å—è//–°–≤–æ–±–æ–¥–∞ —Å–ª–æ–≤–∞ –∑–∞—à–∫–∞–ª–∏–≤–∞–µ—Ç. –ù–∏ –≤ –æ–¥–Ω–æ–π —Å—Ç—Ä–∞–Ω–µ –º–∏—Ä–∞ –Ω–µ—Ç —Ç–∞–∫–æ–≥–æ –º–∞—Ä–∞–∑–º–∞, –∫–∞–∫ –µ—Å—Ç—å –≤ –†–æ—Å—Å–∏–∏ –∏ –ë–µ–ª–∞—Ä—É—Å–∏.//–æ—á–µ–Ω—å —Ç–æ–ø–æ–≤—ã–π —Ä–µ—Å—É—Ä—Å, –Ω–∞–¥–µ—é—Å—å —Å–º–æ–≥—É—Ç –ø–µ—Ä–µ–∂–∏—Ç—å/–ù—É –ª–∞–¥–Ω–æ/–°–∫–∏–Ω—å—Ç–µ –±–æ–º–±—É –Ω–∞ –¶–ê–û –≤ –ú–æ—Å–∫–≤–µ. –Ø —Ä–∞–∑—Ä–µ—à–∞—é./–∑–∞ –ø—Ä–∞–≤–¥—É –±–∞–Ω , –ø–∏—Å–¥–µ—à—å –≤ –º–æ—Ä–¥–æ—Ä–µ —ç—Ç–æ —Å–∫—Ä–µ–ø–∞/–°—É–∫–∏!!!!!//–ø–æ—Ç–µ—Ä—å –Ω–µ—Ç!/–ß–µ–±—É—Ä–Ω–µ—Ç–Ω—ã–µ ¬´–æ—Å–≤–æ–±–æ–¥–∏—Ç–µ–ª–∏¬ª —Å–µ–±—è –æ—Ç –ø—Ä–∞–≤–¥—ã üòÅ/–ë–æ—è—Ç—Å—è –ø—Ä–∞–≤–¥—ã –∫–∞–∫ –æ–≥–Ω—è"
